RAPPEL_RDV;2024-06-25
RAPPEL_RDV;2024-06-25;1;0
RAPPEL_RDV;2024-06-25;3;0
RAPPEL_RDV;2024-06-25;3;0;0
RAPPEL_RDV;2024-06-25;3;0;0
RAPPEL_RDV;2024-06-25;3;0;0
RAPPEL_RDV;2024-06-25;3;0;0
RAPPEL_RDV;2024-06-25;3;0;0
RAPPEL_RDV;2024-06-25;3;3;0
RAPPEL_RDV;2024-06-25;3;3;0
RAPPEL_RDV;2024-06-25;3;3;0
RAPPEL_RDV;2024-06-25;3;3;0
RAPPEL_RDV;2024-06-25;3;0;0
RAPPEL_RDV;2024-06-25;3;0;0
RAPPEL_RDV;2024-06-25;3;0;0
RAPPEL_RDV;2024-06-25;3;0;0
RAPPEL_RDV;2024-06-25;3;0;0
RAPPEL_RDV;2024-06-25;3;0;0
RAPPEL_RDV;2024-06-25;3;0;0
RAPPEL_RDV;2024-06-25;3;0;0
RAPPEL_RDV;2024-06-25;3;2;0
RAPPEL_RDV;2024-06-25;3;2;0
RAPPEL_RDV;2024-06-25;3;2;0
